,Unnamed: 0,index,Latitude,Longitude,spot_nm,add_point,code,utmk_x,utmk_y
0,0,0,37.538055,127.122215,풍납1동,1,법정동_좌표,966813.8647239391,1948509.342561761
1,1,1,37.528779,127.116814,풍납2동,1,법정동_좌표,966332.5279136703,1947482.142074488
2,2,2,37.496923,127.143302,거여1동,1,법정동_좌표,968659.5907444613,1943938.7286807136
3,3,3,37.493534,127.146891,거여2동,1,법정동_좌표,968975.4349508241,1943561.5479763465
4,4,4,37.496025,127.149894,마천1동,1,법정동_좌표,969241.9204624407,1943836.9217797245
5,5,5,37.49688,127.148538,마천2동,1,법정동_좌표,969122.408415973,1943932.2238378
6,6,6,37.511009,127.123923,방이1동,1,법정동_좌표,966952.8083030116,1945508.1317656836
7,7,7,37.514596,127.114379,방이2동,1,법정동_좌표,966110.9508014598,1945909.4909521858
8,8,8,37.515538,127.134424,오륜동,1,법정동_좌표,967882.8135052548,1946006.9550922194
9,9,9,37.50401,127.134003,오금동,1,법정동_좌표,967840.6528208225,1944728.1331997297
10,10,10,37.50609,127.109571,송파1동,1,법정동_좌표,965682.146476216,1944967.5439264553
11,11,11,37.502323,127.116741,송파2동,1,법정동_좌표,966314.1648450247,1944547.0212331128
12,12,12,37.50273,127.102497,석촌동,1,법정동_좌표,965055.3480072769,1944597.379256473
13,13,13,37.501901,127.091876,삼전동,1,법정동_좌표,964116.1801799403,1944509.4105751028
14,14,14,37.495585,127.12183,가락본동,1,법정동_좌표,966760.9816718075,1943797.6666418137
15,15,15,37.496537,127.105726,가락1동,1,법정동_좌표,965337.8851614136,1943909.105402107
16,16,16,37.498639,127.126488,가락2동,1,법정동_좌표,967174.0720021299,1944134.8519301624
17,17,17,37.490024,127.124055,문정1동,1,법정동_좌표,966955.2090060152,1943179.9219798204
18,18,18,37.48989,127.110917,문정2동,1,법정동_좌표,965793.7084926998,1943169.757515315
19,19,19,37.477368,127.131914,장지동,1,법정동_좌표,967644.4998901905,1941773.0817230663
20,20,20,37.481576,127.140424,위례동,1,법정동_좌표,968398.7121918942,1942237.0368407131
21,21,21,37.506167,127.084325,잠실본동,1,법정동_좌표,963450.837288084,1944985.6104349226
22,22,22,37.511956,127.088281,잠실2동,1,법정동_좌표,963803.2854437885,1945626.335961374
23,23,23,37.513354,127.094316,잠실3동,1,법정동_좌표,964337.3087119735,1945779.1275800325
24,24,24,37.520419,127.112285,잠실4동,1,법정동_좌표,965928.5482214513,1946556.2787111811
25,25,25,37.518133,127.100683,잠실6동,1,법정동_좌표,964902.2386487329,1946306.932757671
26,26,26,37.508661,127.07709,잠실7동,1,법정동_좌표,962812.6175336823,1945265.1456126855
27,27,27,37.506967,127.083673,잠실동,1,법정동_좌표,963393.6021921164,1945074.6198630494
28,28,28,37.517302,127.104967,신천동,1,법정동_좌표,965280.4297849226,1946213.1452016945
29,29,29,37.534673,127.117643,풍납동,1,법정동_좌표,966408.4249140646,1948135.7535827425
30,30,30,37.506058,127.111216,송파동,1,법정동_좌표,965827.5237614319,1944963.3939223809
31,31,31,37.502699,127.102321,석촌동,1,법정동_좌표,965039.7772167295,1944594.0054730696
32,32,32,37.502724,127.092352,삼전동,1,법정동_좌표,964158.6475435476,1944600.5360232447
33,33,33,37.496486,127.126006,가락동,1,법정동_좌표,967130.5210665484,1943896.157827015
34,34,34,37.486581,127.127495,문정동,1,법정동_좌표,967257.8096681017,1942796.7376606264
35,35,35,37.478077,127.133269,장지동,1,법정동_좌표,967764.6113518169,1941851.2751390592
36,36,36,37.512017,127.116902,방이동,1,법정동_좌표,966332.7578725925,1945622.4577071632
37,37,37,37.503984,127.135124,오금동,1,법정동_좌표,967939.7229699813,1944724.8653756233
38,38,38,37.494161,127.145196,거여동,1,법정동_좌표,968825.8600827852,1943631.6710444542
39,39,39,37.497117,127.152393,마천동,1,법정동_좌표,969463.2674144006,1943957.2571843385
40,40,0,37.4981982,127.1321113,가락래미안파크팰리스,4,가락래미안파크팰리스,967670.9411811639,1944083.9974386636
41,41,1,37.49932509919708,127.1332381991971,가락래미안파크팰리스2,4,가락래미안파크팰리스,967771.0369335838,1944208.6329901654
42,42,2,37.49930080448757,127.1332139044876,가락래미안파크팰리스3,4,가락래미안파크팰리스,967768.8790105307,1944205.9459717632
43,43,3,37.49422620861878,127.1281393086188,가락래미안파크팰리스4,4,가락래미안파크팰리스,967318.1090168006,1943644.7030626594
44,44,4,37.49537000062004,127.12928310062,가락래미안파크팰리스5,4,가락래미안파크팰리스,967419.715910034,1943771.2026527377
45,45,5,37.5048491,127.1257434,오금현대아파트,4,오금현대아파트,967110.9842494222,1944824.0868855726
46,46,6,37.5028499921802,127.1237442921802,오금현대아파트2,4,오금현대아파트,966933.4085499471,1944602.9993525858
47,47,7,37.5065590536764,127.1274533536764,오금현대아파트3,4,오금현대아파트,967262.8676633277,1945013.1989821317
48,48,8,37.50111810680398,127.122012406804,오금현대아파트4,4,오금현대아파트,966779.5619523628,1944411.4678518386
49,49,9,37.50836941749361,127.1292637174936,오금현대아파트5,4,오금현대아파트,967423.6623291083,1945213.4189564255
50,50,10,37.5074435,127.0767086,잠실아시아선수촌,4,잠실아시아선수촌,962778.3033428976,1945130.2217766044
51,51,11,37.51165034950223,127.0809154495022,잠실아시아선수촌2,4,잠실아시아선수촌,963152.1875116494,1945595.28987834
52,52,12,37.51382255573259,127.0830876557326,잠실아시아선수촌3,4,잠실아시아선수촌,963345.226276957,1945835.434322501
53,53,13,37.51359117287966,127.0828562728797,잠실아시아선수촌4,4,잠실아시아선수촌,963324.6643646184,1945809.8539841736
54,54,14,37.50147086615594,127.0707359661559,잠실아시아선수촌5,4,잠실아시아선수촌,962247.413493062,1944469.9747373387
55,55,15,37.4908501,127.130255,문정래미안,4,문정래미안,967503.6663804916,1943269.410122879
56,56,16,37.49352533802007,127.1329302380201,문정래미안2,4,문정래미안,967741.3158335015,1943565.2896525494
57,57,17,37.49223256307059,127.1316374630706,문정래미안3,4,문정래미안,967626.4768397402,1943422.3087605804
58,58,18,37.49341832150088,127.1328232215009,문정래미안4,4,문정래미안,967731.8095565997,1943553.4535666083
59,59,19,37.48824568846469,127.1276505884647,문정래미안5,4,문정래미안,967272.2925032647,1942981.3704953755
60,60,20,37.5068615,127.073165,잠실우성123차,4,잠실우성123차,962464.8186987689,1945067.0621538428
61,61,21,37.51049999877192,127.0768034987719,잠실우성123차2,4,잠실우성123차,962788.210781816,1945469.2858859845
62,62,22,37.50729249842047,127.0735959984205,잠실우성123차3,4,잠실우성123차,962503.1277362857,1945114.7069143949
63,63,23,37.5069236593401,127.0732271593401,잠실우성123차4,4,잠실우성123차,962470.3437215692,1945073.9335529916
64,64,24,37.50701315762707,127.0733166576271,잠실우성123차5,4,잠실우성123차,962478.2987462556,1945083.8271402272
65,65,25,37.4954185,127.1285511,가락쌍용1차,4,가락쌍용1차,967355.0306097588,1943776.83750585
66,66,26,37.49948005543833,127.1326126554383,가락쌍용1차2,4,가락쌍용1차,967715.8106906129,1944226.0393026562
67,67,27,37.48934524719809,127.1224778471981,가락쌍용1차3,4,가락쌍용1차,966815.4830426893,1943105.17434591
68,68,28,37.4981062919848,127.1312388919848,가락쌍용1차4,4,가락쌍용1차,967593.78628988,1944074.1014170276
69,69,29,37.50100974568489,127.1341423456849,가락쌍용1차5,4,가락쌍용1차,967851.6800541043,1944395.2247644668
70,70,30,37.5086223,127.0927735,잠실레이크팰리스,4,잠실레이크팰리스,964198.7251765181,1945254.758480169
71,71,31,37.50252781464486,127.0866790146449,잠실레이크팰리스2,4,잠실레이크팰리스,963657.12753369,1944580.9499743062
72,72,32,37.51486881117813,127.0990200111781,잠실레이크팰리스3,4,잠실레이크팰리스,964753.742299515,1945945.411664738
73,73,33,37.50782954269954,127.0919807426995,잠실레이크팰리스4,4,잠실레이크팰리스,964128.2802798068,1945167.1089481926
74,74,34,37.50651804924115,127.0906692492412,잠실레이크팰리스5,4,잠실레이크팰리스,964011.7369296759,1945022.1077634909
75,75,35,37.4885215,127.1143761,올림픽훼밀리타운,4,올림픽훼밀리타운,966098.8844116387,1943016.6769547348
76,76,36,37.48460677659624,127.1104613765962,올림픽훼밀리타운2,4,올림픽훼밀리타운,965751.0133614108,1942583.7817464361
77,77,37,37.48203590751686,127.1078905075169,올림픽훼밀리타운3,4,올림픽훼밀리타운,965522.5406200197,1942299.4996256984
78,78,38,37.48610580363665,127.1119604036367,올림픽훼밀리타운4,4,올림픽훼밀리타운,965884.224499771,1942749.5443854923
79,79,39,37.49543359818496,127.121288198185,올림픽훼밀리타운5,4,올림픽훼밀리타운,966713.0209625453,1943781.0613528332
80,80,40,37.5179148,127.1361039,올림픽선수기자촌아파트,4,올림픽선수기자촌아파트,968032.2872053954,1946270.0744969281
81,81,41,37.51590091969459,127.1340900196946,올림픽선수기자촌아파트2,4,올림픽선수기자촌아파트,967853.4546837803,1946047.3333053906
82,82,42,37.5120603964303,127.1302494964303,올림픽선수기자촌아파트3,4,올림픽선수기자촌아파트,967512.3898822095,1945622.5706314824
83,83,43,37.52486453858667,127.1430536385867,올림픽선수기자촌아파트4,4,올림픽선수기자촌아파트,968649.3505832503,1947038.7660368183
84,84,44,37.5219808653768,127.1401699653768,올림픽선수기자촌아파트5,4,올림픽선수기자촌아파트,968393.3246476278,1946719.8052655882
85,85,45,37.5127515,127.088451,잠실리센츠,4,잠실리센츠,963818.6942992536,1945714.5268179488
86,86,46,37.51423983527234,127.0899393352723,잠실리센츠2,4,잠실리센츠,963950.9451149951,1945879.077143605
87,87,47,37.51152871331757,127.0872282133176,잠실리센츠3,4,잠실리센츠,963710.0357619163,1945579.3371164529
88,88,48,37.51503835898791,127.0907378589879,잠실리센츠4,4,잠실리센츠,964021.8983612865,1945967.3627819198
89,89,49,37.51249963739608,127.0881991373961,잠실리센츠5,4,잠실리센츠,963796.3137228215,1945686.6811005555
90,90,50,37.5212508,127.1093216,잠실파크리오,4,잠실파크리오,965667.0626296746,1946649.6419253335
91,91,51,37.51840174631527,127.1064725463153,잠실파크리오2,4,잠실파크리오,965413.9848605226,1946334.6004583698
92,92,52,37.51596337363065,127.1040341736307,잠실파크리오3,4,잠실파크리오,965197.3722023452,1946064.9772348767
93,93,53,37.52539677278744,127.1134675727874,잠실파크리오4,4,잠실파크리오,966035.3099627278,1947108.1073642813
94,94,54,37.52750147657062,127.1155722765706,잠실파크리오5,4,잠실파크리오,966222.2353178216,1947340.8536793352
95,95,55,37.5145557,127.1006125,롯데캐슬골드,4,롯데캐슬골드,964894.3296640876,1945910.0771875107
96,96,56,37.50799856411753,127.0940553641175,롯데캐슬골드2,4,롯데캐슬골드,964311.7203600535,1945185.070630129
97,97,57,37.51664130381034,127.1026981038103,롯데캐슬골드3,4,롯데캐슬골드,965079.6168555596,1946140.6858962683
98,98,58,37.51282966086529,127.0988864608653,롯데캐슬골드4,4,롯데캐슬골드,964740.9788373373,1945719.2292759868
99,99,59,37.50899007481217,127.0950468748122,롯데캐슬골드5,4,롯데캐슬골드,964399.823746067,1945294.6969309987
100,100,60,37.5047161,127.1182753,송파삼성래미안,4,송파삼성래미안,966450.8523773296,1944811.9727491091
101,101,61,37.5015073655038,127.1150665655038,송파삼성래미안2,4,송파삼성래미안,966165.7952218958,1944457.1331282675
102,102,62,37.49904593602865,127.1126051360286,송파삼성래미안3,4,송파삼성래미안,965947.1106581024,1944184.9412704837
103,103,63,37.49870119409859,127.1122603940986,송파삼성래미안4,4,송파삼성래미안,965916.4810841043,1944146.8191894053
104,104,64,37.50010314866348,127.1136623486635,송파삼성래미안5,4,송파삼성래미안,966041.0399701212,1944301.8501384028
105,105,65,37.4793709,127.1398596,송파더센트레아파트,4,송파더센트레아파트,968347.8798469646,1941992.58477926
106,106,66,37.47831199652973,127.1388006965297,송파더센트레아파트2,4,송파더센트레아파트,968253.8074235679,1941875.4633196366
107,107,67,37.47305953420391,127.1335482342039,송파더센트레아파트3,4,송파더센트레아파트,967787.1425173788,1941294.5233428467
108,108,68,37.47810528644467,127.1385939864447,송파더센트레아파트4,4,송파더센트레아파트,968235.4431018219,1941852.599993765
109,109,69,37.47988847107967,127.1403771710797,송파더센트레아파트5,4,송파더센트레아파트,968393.8596291321,1942049.8318211334
110,110,70,37.4762215,127.1393766,송파꿈에그린아파트,4,송파꿈에그린아파트,968303.8422023304,1941643.3415361522
111,111,71,37.47238360494936,127.1355387049494,송파꿈에그린아파트2,4,송파꿈에그린아파트,967962.856801901,1941218.852926652
112,112,72,37.47276106482165,127.1359161648217,송파꿈에그린아파트3,4,송파꿈에그린아파트,967996.3945071668,1941260.6010802325
113,113,73,37.46948601973261,127.1326411197326,송파꿈에그린아파트4,4,송파꿈에그린아파트,967705.3921742446,1940898.376134502
114,114,74,37.47893566179262,127.1420907617926,송파꿈에그린아파트5,4,송파꿈에그린아파트,968544.966405331,1941943.5486065194
115,115,75,37.481599452,127.141167508,위례 송파푸르지오,4,위례 송파푸르지오,968464.4578007901,1942239.3888900538
116,116,76,37.47770354892265,127.1372716049226,위례 송파푸르지오2,4,위례 송파푸르지오,968118.3510139458,1941808.4775811513
117,117,77,37.48277685323824,127.1423449092382,위례 송파푸르지오3,4,위례 송파푸르지오,968569.0495259007,1942369.6196911742
118,118,78,37.48068454504576,127.1402526010458,위례 송파푸르지오4,4,위례 송파푸르지오,968383.1819017103,1942138.1931468006
119,119,79,37.48388953905782,127.1434575950578,위례 송파푸르지오5,4,위례 송파푸르지오,968667.8894126103,1942492.693617237
120,120,80,37.4806144984781,127.123648601561,파크하비오푸르지오아파트,4,파크하비오푸르지오아파트,966915.1246437291,1942136.1383743733
121,121,81,37.47670551428691,127.1197396173698,파크하비오푸르지오아파트2,4,파크하비오푸르지오아파트,966567.7703269403,1941703.844371083
122,122,82,37.47904545300572,127.1220795560886,파크하비오푸르지오아파트3,4,파크하비오푸르지오아파트,966775.7027794941,1941962.6161138574
123,123,83,37.47552749984035,127.1185616029233,파크하비오푸르지오아파트4,4,파크하비오푸르지오아파트,966463.0843285654,1941573.570771223
124,124,84,37.475630026042,127.1186641291249,파크하비오푸르지오아파트5,4,파크하비오푸르지오아파트,966472.1956007954,1941584.908828786
125,125,85,37.476533455,127.134102732,위례포레샤인아파트,4,위례포레샤인아파트,967837.6646402794,1941679.7428781462
126,126,86,37.47273349473109,127.1303027717311,위례포레샤인아파트2,4,위례포레샤인아파트,967500.0275239163,1941259.4686914615
127,127,87,37.4702790807632,127.1278483577632,위례포레샤인아파트3,4,위례포레샤인아파트,967281.9279390206,1940988.018723661
128,128,88,37.47672382439657,127.1342931013966,위례포레샤인아파트4,4,위례포레샤인아파트,967854.5786023941,1941700.7980236043
129,129,89,37.47383389569708,127.1314031726971,위례포레샤인아파트5,4,위례포레샤인아파트,967597.8047214259,1941381.171214575
130,130,90,37.497609869,127.10249742,헬리오시티아파트,4,헬리오시티아파트,965052.9944147822,1944029.3300864026
131,131,91,37.50075264902836,127.1056402000284,헬리오시티아파트2,4,헬리오시티아파트,965332.2535426546,1944376.8388486677
132,132,92,37.49642169164417,127.1013092426442,헬리오시티아파트3,4,헬리오시티아파트,964947.4100697035,1943897.9513868897
133,133,93,37.49537076503257,127.1002583160326,헬리오시티아파트4,4,헬리오시티아파트,964854.0193971368,1943781.7498437725
134,134,94,37.49912445951482,127.1040120105148,헬리오시티아파트5,4,헬리오시티아파트,965187.5798223907,1944196.802765186
135,135,95,37.493915,127.150756,이편한세상 송파파크센트럴,4,이편한세상 송파파크센트럴,969317.2526429637,1943602.5480497398
136,136,96,37.49825378470634,127.1550947847063,이편한세상 송파파크센트럴2,4,이편한세상 송파파크센트럴,969702.5508738367,1944082.501616223
137,137,97,37.49841033889844,127.1552513388984,이편한세상 송파파크센트럴3,4,이편한세상 송파파크센트럴,969716.4525695549,1944099.819874922
138,138,98,37.48911363397984,127.1459546339798,이편한세상 송파파크센트럴4,4,이편한세상 송파파크센트럴,968890.8241136529,1943071.4449195433
139,139,99,37.48814313282898,127.144984132829,이편한세상 송파파크센트럴5,4,이편한세상 송파파크센트럴,968804.6234411853,1942964.0955943917
140,140,100,37.4863348,127.1440562,위례포레샤인17단지,4,위례포레샤인17단지,968721.8338125355,1942763.780726594
141,141,101,37.48525013054061,127.1429715305406,위례포레샤인17단지2,4,위례포레샤인17단지,968625.4865213676,1942643.805020137
142,142,102,37.4858651311643,127.1435865311643,위례포레샤인17단지3,4,위례포레샤인17단지,968680.1151565879,1942711.8303384557
143,143,103,37.48242578620864,127.1401471862086,위례포레샤인17단지4,4,위례포레샤인17단지,968374.5971914855,1942331.408458634
144,144,104,37.49282237065709,127.1505437706571,위례포레샤인17단지5,4,위례포레샤인17단지,969298.0436886385,1943481.3967875135
145,145,105,37.4845395,127.1365419,송파레이크파크호반써밋1차,4,송파레이크파크호반써밋1차,968056.7485825724,1942567.1315193265
146,146,106,37.48965369885354,127.1416560988535,송파레이크파크호반써밋1차2,4,송파레이크파크호반써밋1차,968511.0433614026,1943132.7939985492
147,147,107,37.48661670108243,127.1386191010824,송파레이크파크호반써밋1차3,4,송파레이크파크호반써밋1차,968241.2739668043,1942796.879990181
148,148,108,37.47822286135649,127.1302252613565,송파레이크파크호반써밋1차4,4,송파레이크파크호반써밋1차,967495.5561425567,1941868.5060013693
149,149,109,37.48855605264549,127.1405584526455,송파레이크파크호반써밋1차5,4,송파레이크파크호반써밋1차,968413.5445220761,1943011.385344051
150,150,110,37.4958575,127.146583,송파 시그니처 롯데캐슬아파트,4,송파 시그니처 롯데캐슬아파트,968949.1721429353,1943819.4280982343
151,151,111,37.50276119475499,127.153486694755,송파 시그니처 롯데캐슬아파트2,4,송파 시그니처 롯데캐슬아파트,969562.2402876306,1944583.092033009
152,152,112,37.49606267527517,127.1467881752752,송파 시그니처 롯데캐슬아파트3,4,송파 시그니처 롯데캐슬아파트,968967.3939184226,1943842.1232561804
153,153,113,37.50239458400532,127.1531200840053,송파 시그니처 롯데캐슬아파트4,4,송파 시그니처 롯데캐슬아파트,969529.6870049329,1944542.537621026
154,154,114,37.49622850351022,127.1469540035102,송파 시그니처 롯데캐슬아파트5,4,송파 시그니처 롯데캐슬아파트,968982.1211804274,1943860.4661290722
155,155,0,37.4768967,127.1291789,송파파인타운13단지,1,송파파인타운13단지,967402.4628820146,1941721.7391750948
156,156,1,37.47708031365284,127.1293625136529,송파파인타운13단지2,2,송파파인타운13단지,967418.7776000645,1941742.046279544
157,157,2,37.5089058,127.1287745,오금현대백조(임대),1,오금현대백조(임대),967380.6584855993,1945273.0973605227
158,158,3,37.50859874668919,127.1284674466892,오금현대백조(임대)2,2,오금현대백조(임대),967353.386881573,1945239.1382451907
159,159,4,37.4871243,127.1332779,문정3차푸르지오,1,문정3차푸르지오,967769.2928342173,1942855.01391557
160,160,5,37.48817852385439,127.1343321238544,문정3차푸르지오2,2,문정3차푸르지오,967862.9455489152,1942971.6124744301
161,161,6,37.4924314,127.1370266,문정세양청마루,1,문정세양청마루,968102.9634543414,1943442.5249833516
162,162,7,37.49569049014563,127.1402856901456,문정세양청마루2,2,문정세양청마루,968392.4439247127,1943802.9998048274
163,163,8,37.4972327,127.1226268,가락현대6차,1,가락현대6차,966832.1461830676,1943980.1875880496
164,164,9,37.49579446189551,127.1211885618955,가락현대6차2,2,가락현대6차,966704.3739753971,1943821.1323567894
165,165,10,37.4918819,127.1255185,가락우성2차아파트,1,가락우성2차아파트,967085.4037523208,1943385.5310564903
166,166,11,37.49308981982821,127.1267264198282,가락우성2차아파트2,2,가락우성2차아파트,967192.7142936164,1943519.1200013808
167,167,12,37.4867371,127.1270852,문정푸르지오2차,1,문정푸르지오2차,967221.6487871193,1942814.1988908441
168,168,13,37.48972449371389,127.1300725937139,문정푸르지오2차2,2,문정푸르지오2차,967487.0524171788,1943144.5940221637
169,169,14,37.5311152,127.1184957,송파현대힐스테이트,1,송파현대힐스테이트,966482.1659731296,1947740.7293487638
170,170,15,37.53459830702273,127.1219788070227,송파현대힐스테이트2,2,송파현대힐스테이트,966791.4620114157,1948125.92383001
171,171,16,37.4930747,127.1557137,마천금호어울림2차,1,마천금호어울림2차,969755.1656645926,1943507.713892753
172,172,17,37.49032387894587,127.1529628789459,마천금호어울림2차2,2,마천금호어울림2차,969510.8742707528,1943203.416393997
173,173,18,37.4818131,127.1296412,송파파인타운4단지,1,송파파인타운4단지,967445.47600745,1942267.0227661335
174,174,19,37.48391791855581,127.1317460185558,송파파인타운4단지2,2,송파파인타운4단지,967632.4785425011,1942499.812209861
175,175,20,37.5177485,127.1044137,포스코더샵스타리버,1,포스코더샵스타리버,965231.7417056353,1946262.8866703464
176,176,21,37.51685045506154,127.1035156550615,포스코더샵스타리버2,2,포스코더샵스타리버,965151.9627042793,1946163.586372292
177,177,22,37.501501,127.1395964,오금우방,1,오금우방,968333.972099614,1944447.8736450924
178,178,23,37.50498405282776,127.1430794528278,오금우방2,2,오금우방,968643.2970729506,1944833.1293185945
179,179,24,37.4947152,127.1533259,마천금호,1,마천금호,969544.7532755549,1943690.4890058672
180,180,25,37.4918451621363,127.1504558621363,마천금호2,2,마천금호,969289.8716371653,1943373.0101739613
181,181,26,37.5004853,127.1092616,송파동부센트레빌,1,송파동부센트레빌,965652.2279556352,1944345.847674304
182,182,27,37.4978424985971,127.1066187985971,송파동부센트레빌2,2,송파동부센트레빌,965417.4076421219,1944053.6138180052
183,183,28,37.4995774,127.1310772,가락현대5차,1,가락현대5차,967580.1310885111,1944237.3679866323
184,184,29,37.49852017925738,127.1300199792574,가락현대5차2,2,가락현대5차,967486.222158107,1944120.4410020183
185,185,30,37.4964677,127.1390705,오금삼성,1,오금삼성,968285.3549555045,1943889.6362108213
186,186,31,37.49554939631652,127.1381521963165,오금삼성2,2,오금삼성,968203.7909864924,1943788.066353221
187,187,32,37.4982315,127.1548193,금호어울림1차,1,금호어울림1차,969678.1908534307,1944080.118169477
188,188,33,37.49811761655545,127.1547054165554,금호어울림1차2,2,금호어울림1차,969668.0781575942,1944067.5202567053
189,189,34,37.4985637,127.1353505,가락상아1차,1,가락상아1차,967957.4214990162,1944123.437534491
190,190,35,37.50066021738015,127.1374470173802,가락상아1차2,2,가락상아1차,968143.6313601444,1944355.3206221305
191,191,36,37.5105889,127.1074518,송파호수임광,1,송파호수임광,965496.9175725121,1945467.447987578
192,192,37,37.5113195485278,127.1081824485278,송파호수임광2,2,송파호수임광,965561.8277843565,1945548.241180691
193,193,38,37.4868865,127.1281123,문정푸르지오1차,1,문정푸르지오1차,967312.5167392822,1942830.4160790376
194,194,39,37.48618652399939,127.1274123239994,문정푸르지오1차2,2,문정푸르지오1차,967250.327973589,1942753.001773476
195,195,40,37.5384921,127.1166573,풍납신성노바빌,1,풍납신성노바빌,966323.0588448416,1948559.8163797478
196,196,41,37.53723412741768,127.1153993274177,풍납신성노바빌2,2,풍납신성노바빌,966211.3533797087,1948420.7028901798
197,197,42,37.5034908,127.1178187,송파현대1차,1,송파현대1차,966409.94540844,1944676.1959503514
198,198,43,37.50133038607299,127.115658286073,송파현대1차2,2,송파현대1차,966218.0172276014,1944437.2853072933
199,199,44,37.506177,127.1220009,잠실한양3차,1,잠실한양3차,966780.7908641994,1944972.7269455923
200,200,45,37.50453856243886,127.1203624624389,잠실한양3차2,2,잠실한양3차,966635.2485850658,1944791.5324784887
201,201,46,37.489685,127.1217367,가락한신,1,가락한신,966750.1136821071,1943143.1299050294
202,202,47,37.49030605002675,127.1223577500268,가락한신2,2,가락한신,966805.2920199222,1943211.8120528765
203,203,48,37.492644,127.1422374,거여우방,1,거여우방,968563.6882800405,1943464.3550700857
204,204,49,37.49183806529724,127.1414314652972,거여우방2,2,거여우방,968492.104471769,1943375.2115076103
205,205,50,37.4995733,127.136295,가락우창,1,가락우창,968041.3398033988,1944235.1249019075
206,206,51,37.50008965303371,127.1368113530337,가락우창2,2,가락우창,968087.2013604584,1944292.2356595166
207,207,52,37.4978882,127.1162993,가락동부센트레빌,1,가락동부센트레빌,966273.1250550114,1944055.1644620006
208,208,53,37.49624789770239,127.1146589977024,가락동부센트레빌2,2,가락동부센트레빌,966127.3901913952,1943873.7727371177
209,209,54,37.5341924,127.1137637,풍납미성,1,풍납미성,966065.4689714444,1948083.8289617433
210,210,55,37.53583276433169,127.1154040643317,풍납미성2,2,풍납미성,966211.1383334092,1948265.2271326336
211,211,56,37.4946337,127.1464076,거여현대2차,1,거여현대2차,968933.1594453879,1943683.7128373198
212,212,57,37.49728995261479,127.1490638526148,거여현대2차2,2,거여현대2차,969169.0600022549,1943977.532881053
213,213,58,37.5093927,127.1292736,오금현대백조,1,오금현대백조,967424.9813463475,1945326.9428969563
214,214,59,37.50791786376332,127.1277987637633,오금현대백조2,2,오금현대백조,967293.9902605955,1945163.8308396193
215,215,60,37.5000876,127.1171288,송파성지,1,송파성지,966347.4366937606,1944298.8775525074
216,216,61,37.50117517286387,127.1182163728639,송파성지2,2,송파성지,966444.0562212681,1944419.1483571946
217,217,62,37.5028917,127.1361125,오금아남,1,오금아남,968026.626298312,1944603.3440520153
218,218,63,37.5057280184508,127.1389488184508,오금아남2,2,오금아남,968278.5249287765,1944917.0552675973
219,219,64,37.4968972,127.1449982,거여현대3차,1,거여현대3차,968809.5153366835,1943935.3016958518
220,220,65,37.4950004320438,127.1431014320438,거여현대3차2,2,거여현대3차,968641.0559717597,1943725.4982085684
221,221,66,37.4797913,127.133178,송파파인타운11단지,1,송파파인타운11단지,967757.3034871346,1942041.4971953048
222,222,67,37.47979946987054,127.1331861698705,송파파인타운11단지2,2,송파파인타운11단지,967758.0293443057,1942042.400788077
223,223,68,37.503992,127.0853196,잠실현대,1,잠실현대,963537.6844077933,1944743.9198595085
224,224,69,37.50163557001727,127.0829631700173,잠실현대2,2,잠실현대,963328.2527749465,1944483.4045185077
225,225,70,37.5169868,127.1023024,잠실더샵스타파크,1,잠실더샵스타파크,965044.8092931452,1946179.1640414705
226,226,71,37.5159448464571,127.1012604464571,잠실더샵스타파크2,2,잠실더샵스타파크,964952.2422780348,1946063.9533551326
227,227,72,37.5060284,127.1192987,송파미성,1,송파미성,966541.8931596216,1944957.1998491758
228,228,73,37.50452099806676,127.1177912980668,송파미성2,2,송파미성,966407.9859223231,1944790.500306085
229,229,74,37.5321466,127.1168432,현대리버빌2차아파트,1,현대리버빌2차아파트,966336.6244730626,1947855.7491607687
230,230,75,37.53413307770494,127.118829677705,현대리버빌2차아파트2,2,현대리버빌2차아파트,966513.0264700153,1948075.427948997
231,231,76,37.5036204,127.1046578,잠실한솔,1,잠실한솔,965246.7505541834,1944695.3623866858
232,232,77,37.50291178592896,127.103949185929,잠실한솔2,2,잠실한솔,965183.7885581187,1944617.0081191673
233,233,78,37.5266148,127.1167332,풍납극동,1,풍납극동,966324.4138202969,1947242.064529279
234,234,79,37.52333423837725,127.1134526383773,풍납극동2,2,풍납극동,966033.0534033568,1946879.285604792
235,235,80,37.527262,127.1177196,풍납쌍용,1,풍납쌍용,966411.8627973194,1947313.5145386779
236,236,81,37.52810347064391,127.1185610706439,풍납쌍용2,2,풍납쌍용,966486.5916336336,1947406.5704966304
237,237,82,37.4937996,127.1285974,가락미륭아파트,1,가락미륭아파트,967358.417367865,1943597.2141096066
238,238,83,37.49712293800936,127.1319207380094,가락미륭아파트2,2,가락미륭아파트,967653.6320168665,1943964.7690851956
239,239,84,37.5396031,127.1182132,풍납시티극동,1,풍납시티극동,966461.0148491104,1948682.5189976953
240,240,85,37.54227223732863,127.1208823373286,풍납시티극동2,2,풍납시티극동,966698.0082332226,1948977.695724964
241,241,86,37.499639,127.1188815,가락대림아파트,1,가락대림아파트,966502.1591331386,1944248.481507773
242,242,87,37.49955908093319,127.1188015809332,가락대림아파트2,2,가락대림아파트,966495.0591699708,1944239.6434570246
243,243,88,37.4801394,127.1299462,송파파인타운5단지,1,송파파인타운5단지,967471.7148621306,1942081.2305383962
244,244,89,37.47877657190305,127.1285833719031,송파파인타운5단지2,2,송파파인타운5단지,967350.6267202697,1941930.505903811
245,245,90,37.4903349,127.1462382,동아효성아파트(거여2단지),1,동아효성아파트(거여2단지),968916.3996471105,1943206.8430563516
246,246,91,37.49017504711557,127.1460783471156,동아효성아파트(거여2단지)2,2,동아효성아파트(거여2단지),968902.2018226741,1943189.161260475
247,247,92,37.507175,127.1241052,방이대림가락,1,방이대림가락,966967.2179458827,1945082.7071066643
248,248,93,37.50483298385168,127.1217631838517,방이대림가락2,2,방이대림가락,966759.1834548976,1944823.7001663356
249,249,94,37.5014471,127.1226538,가락2차쌍용아파트,1,가락2차쌍용아파트,966836.4004748621,1944447.741077804
250,250,95,37.50437107995626,127.1255777799563,가락2차쌍용아파트2,2,가락2차쌍용아파트,967096.1356142047,1944771.1113271667
251,251,96,37.5168027,127.1043832,한신코아,1,한신코아,965228.6067204303,1946157.9666085711
252,252,97,37.5138228844598,127.1014033844598,한신코아2,2,한신코아,964963.8802031224,1945828.4799712077
253,253,98,37.4931374,127.1406364,거여현대1차,1,거여현대1차,968422.368203128,1943519.6318205534
254,254,99,37.49374691724686,127.1412459172469,거여현대1차2,2,거여현대1차,968476.5058326321,1943587.0493633938
255,255,100,37.4913441,127.1280554,가락1차현대아파트 ,1,가락1차현대아파트 ,967309.4329717992,1943324.9795772145
256,256,101,37.49375153299744,127.1304628329974,가락1차현대아파트 2,2,가락1차현대아파트 ,967523.2981203082,1943591.234807634
257,257,102,37.4791574,127.1308268,송파파인타운7단지,1,송파파인타운7단지,967549.1472892219,1941971.9793083742
258,258,103,37.48250836672124,127.1341777667212,송파파인타운7단지2,2,송파파인타운7단지,967846.8646173365,1942342.5962388753
259,259,104,37.4816252,127.1256477,문정건영,1,문정건영,967092.3173187317,1942247.5674771904
260,260,105,37.48204974995515,127.1260722499551,문정건영2,2,문정건영,967130.0393787293,1942294.5200717016
261,261,106,37.4772989,127.1298646,송파파인타운10단지,1,송파파인타운10단지,967463.2661682352,1941766.1231042587
262,262,107,37.47607069704471,127.1286363970447,송파파인타운10단지2,2,송파파인타운10단지,967354.1355562495,1941630.2876694428
263,263,108,37.4892474,127.1438346,거여4단지,1,거여4단지,968703.46044497,1943086.9896215382
264,264,109,37.48696500985349,127.1415522098535,거여4단지2,2,거여4단지,968500.7278888392,1942834.535238484
265,265,110,37.4957046,127.1326936,가락극동,1,가락극동,967721.3371587156,1943807.1470413015
266,266,111,37.49907663097761,127.1360656309776,가락극동2,2,가락극동,968020.8532245576,1944180.1004725576
267,267,112,37.5028243,127.0829428,잠실우성4차,1,잠실우성4차,963327.0347557487,1944615.2953383974
268,268,113,37.50084692344439,127.0809654234444,잠실우성4차2,2,잠실우성4차,963151.2847568714,1944396.6903603075
269,269,114,37.5307592,127.1153105,풍납 현대리버빌1차,1,풍납 현대리버빌1차,966200.5779241789,1947702.3751687605
270,270,115,37.5282200060143,127.1127713060143,풍납 현대리버빌1차2,2,풍납 현대리버빌1차,965975.071717078,1947421.5822596832
271,271,116,37.5058734,127.1150497,한양아파트,1,한양아파트,966166.278656501,1944941.5256570182
272,272,117,37.50712934123298,127.116305641233,한양아파트2,2,한양아파트,966277.8503067656,1945080.4134884959
273,273,118,37.4902013,127.1476125,거여3단지,1,거여3단지,969037.8360877852,1943191.5670866948
274,274,119,37.49305125700874,127.1504624570087,거여3단지2,2,거여3단지,969290.9495051372,1943506.8169222926
275,275,120,37.4888973,127.1453223,거여5단지,1,거여5단지,968834.8331605652,1943047.6535794076
276,276,121,37.48935532081708,127.1457803208171,거여5단지2,2,거여5단지,968875.5146174482,1943098.3163355822
277,277,122,37.4953676,127.1367851,삼환가락,1,삼환가락,968082.8669461763,1943768.3607864482
278,278,123,37.49314528521074,127.1345627852107,삼환가락2,2,삼환가락,967885.4681142053,1943522.5657026933
279,279,124,37.4886075,127.1466473,거여6단지,1,거여6단지,968951.8486628912,1943015.063297553
280,280,125,37.49032302562193,127.1483628256219,거여6단지2,2,거여6단지,969104.2171901031,1943204.824753742
281,281,126,37.491928,127.1335117,가락프라자,1,가락프라자,967792.0291005201,1943387.8750834758
282,282,127,37.4914375954349,127.1330212954349,가락프라자2,2,가락프라자,967748.4656657589,1943333.635903378
283,283,128,37.4792659,127.1282926,송파파인타운8단지,1,송파파인타운8단지,967325.1312483355,1941984.8948614378
284,284,129,37.4813178208878,127.1303445208878,송파파인타운8단지2,2,송파파인타운8단지,967507.4435931375,1942211.8311886583
285,285,130,37.5293329,127.1188746,풍납현대,1,풍납현대,966514.8451866088,1947542.8572985423
286,286,131,37.53012899689532,127.1196706968953,풍납현대2,2,풍납현대,966585.5415251943,1947630.8963655867
287,287,132,37.5111075,127.0939498,갤러리아팰리스,1,갤러리아팰리스,964303.8736832074,1945530.0299014545
288,288,133,37.51278260603954,127.0956249060395,갤러리아팰리스2,2,갤러리아팰리스,964452.7125776474,1945715.2383254354
289,289,134,37.5050983,127.1161969,송파한양2차,1,송파한양2차,966267.323771807,1944855.1200934672
290,290,135,37.50325340199162,127.1143520019916,송파한양2차2,2,송파한양2차,966103.4262021075,1944651.1034408202
291,291,136,37.5103525,127.1292057,오금대림,1,오금대림,967419.3983619954,1945433.4508171359
292,292,137,37.50696459780734,127.1258177978073,오금대림2,2,오금대림,967118.4896884032,1945058.7631788386
293,293,138,37.4981134,127.136586,상아2차아파트,1,상아2차아파트,968066.4388193911,1944073.0586419126
294,294,139,37.4990824878934,127.1375550878934,상아2차아파트2,2,상아2차아파트,968152.5122856178,1944180.2441774237
295,295,140,37.5090693,127.1226227,방이코오롱,1,방이코오롱,966837.0301268005,1945293.3914050304
296,296,141,37.50648462929778,127.1200380292978,방이코오롱2,2,방이코오롱,966607.4417942455,1945007.5527563686
297,297,142,37.5377775,127.1153829,풍납동아한가람,1,풍납동아한가람,966210.1477318336,1948480.993217581
298,298,143,37.53764962057435,127.1152550205744,풍납동아한가람2,2,풍납동아한가람,966198.7921633655,1948466.8516963704
299,299,144,37.4782198,127.1287418,송파파인타운9단지,1,송파파인타운9단지,967364.3917171715,1941868.6805165736
300,300,145,37.48142878684576,127.1319507868458,송파파인타운9단지2,2,송파파인타운9단지,967649.5067648591,1942223.5879485144
301,301,146,37.4971891,127.1175983,가락우성1차,1,가락우성1차,966387.6346168262,1943977.1378224252
302,302,147,37.50003200693034,127.1204412069303,가락우성1차2,2,가락우성1차,966640.1994912334,1944291.528256955
303,303,148,37.5296833,127.1123385,풍납한강극동,1,풍납한강극동,965937.4965441102,1947584.0839944212
304,304,149,37.52769638530626,127.1103515853063,풍납한강극동2,2,풍납한강극동,965761.0301550353,1947364.3690897096
305,305,150,37.4963581,127.1163709,가락금호,1,가락금호,966278.7646795606,1943885.3831458727
306,306,151,37.49673675457711,127.1167495545771,가락금호2,2,가락금호,966312.4065014075,1943927.2567872582
307,307,152,37.5042198,127.1213172,가락삼익맨숀,1,가락삼익맨숀,966719.4921760471,1944755.8288828623
308,308,153,37.50219359290521,127.1192909929052,가락삼익맨숀2,2,가락삼익맨숀,966539.4971653734,1944531.752795624
309,309,154,37.4909438,127.1445317,거여1단지,1,거여1단지,968765.794674402,1943274.9628486447
310,310,155,37.48752301474121,127.1411109147412,거여1단지2,2,거여1단지,968461.9495693427,1942896.590506873
311,311,156,37.490605,127.1354526,문정시영,1,문정시영,967963.0399086103,1943240.4325565523
312,312,157,37.49323229825615,127.1380798982561,문정시영2,2,문정시영,968196.4154993788,1943531.0226895749
313,313,158,37.519587,127.0994131,신천장미1차2차,1,신천장미1차2차,964790.7021218973,1946468.7216156686
314,314,159,37.5177318894318,127.0975579894318,신천장미1차2차2,2,신천장미1차2차,964625.891871533,1946263.6043465945
315,315,160,37.5083905,127.0895562,잠실동트리지움,1,잠실동트리지움,963914.264543037,1945230.2727565668
316,316,161,37.5088805591429,127.0900462591429,잠실동트리지움2,2,잠실동트리지움,963957.8127545429,1945284.4539298443
317,317,162,37.5127515,127.088451,잠실엘스아파트 ,1,잠실엘스아파트 ,963818.6942992536,1945714.5268179488
318,318,163,37.51343886127374,127.0891383612738,잠실엘스아파트 2,2,잠실엘스아파트 ,963879.7726420857,1945790.52120845
319,319,164,37.4802994,127.1320225,송파파인타운6단지,1,송파파인타운6단지,967655.3593344335,1942098.2648267255
320,320,165,37.48257713193978,127.1343002319398,송파파인타운6단지2,2,송파파인타운6단지,967857.7215138192,1942350.183412964
321,321,166,37.5003286,127.1520468,마천우방,1,마천우방,969433.9771557617,1944313.6776915737
322,322,167,37.50251896200092,127.1542371620009,마천우방2,2,마천우방,969628.4742084522,1944555.9747521945
323,323,168,37.4839845,127.1312464,송파파인타운2단지,1,송파파인타운2단지,967588.3359827646,1942507.3712385257
324,324,169,37.4874150166787,127.1346769166787,송파파인타운2단지2,2,송파파인타운2단지,967893.099575216,1942886.7881291895
325,325,170,37.483645,127.1328807,송파파인타운3단지,1,송파파인타운3단지,967732.6783506845,1942469.1433061091
326,326,171,37.48123661849952,127.1304723184995,송파파인타운3단지2,2,송파파인타운3단지,967518.7073762802,1942202.778104769
327,327,172,37.4950598,127.1204414,송파성원상떼빌,1,송파성원상떼빌,966638.0002153628,1943739.8910513164
328,328,173,37.49764663999658,127.1230282399966,송파성원상떼빌2,2,송파성원상떼빌,966867.8145368082,1944025.9701237543
329,329,174,37.4948246,127.1219307,한화오벨리스크,1,한화오벨리스크,966769.5456056243,1943713.2691416398
330,330,175,37.49806081003359,127.1251669100336,한화오벨리스크2,2,한화오벨리스크,967057.0425512829,1944071.167653969
331,331,176,37.4868275,127.1346692,송파파인타운1단지,1,송파파인타운1단지,967892.1654038667,1942821.609386851
332,332,177,37.48391555443138,127.1317572544314,송파파인타운1단지2,2,송파파인타운1단지,967633.4708866632,1942499.5460543167
333,333,178,37.4957796,127.1587776,송파파크데일2단지,1,송파파크데일2단지,970027.0958410715,1943806.8239681884
334,334,179,37.49516797996205,127.158165979962,송파파크데일2단지2,2,송파파크데일2단지,969972.7855569897,1943739.1637846231
335,335,180,37.4988304,127.1592193,송파파크데일1단지,1,송파파크데일1단지,970067.3608584481,1944145.1510336176
336,336,181,37.50077610572146,127.1611650057215,송파파크데일1단지2,2,송파파크데일1단지,970240.1207101644,1944360.3970950209
337,337,182,37.5026839,127.1200186,래미안송파파인탑,1,래미안송파파인탑,966604.0282333302,1944585.8905766134
338,338,183,37.50336420663833,127.1206989066383,래미안송파파인탑2,2,래미안송파파인탑,966664.4623351259,1944661.1249969408
339,339,184,37.5174478,127.1036042,잠실푸르지오월드마크,1,잠실푸르지오월드마크,965160.0657946474,1946229.8256817607
340,340,185,37.51898339102784,127.1051397910279,잠실푸르지오월드마크2,2,잠실푸르지오월드마크,965296.4796568007,1946399.6225206812
341,341,186,37.506573966,127.100344823,석촌호수 효성해링턴타워,1,석촌호수 효성해링턴타워,964866.9259112179,1945024.648294652
342,342,187,37.50786104476564,127.1016319017656,석촌호수 효성해링턴타워2,2,석촌호수 효성해링턴타워,964981.2849319405,1945166.961782646
343,343,188,37.477145973,127.142285942,위례아이파크아파트,1,위례아이파크아파트,968561.4721401859,1941744.9286196495
344,344,189,37.4768145158729,127.1419544848729,위례아이파크아파트2,2,위례아이파크아파트,968532.0260356674,1941708.266497255
345,345,190,37.478644524,127.142154569,힐스테이트 송파위례아파트,1,힐스테이트 송파위례아파트,968550.485717108,1941911.2273452487
346,346,191,37.48119632480854,127.1447063698085,힐스테이트 송파위례아파트2,2,힐스테이트 송파위례아파트,968777.1707776157,1942193.4825810385
347,347,192,37.4763790289476,127.143446683975,송파 와이즈더샵,1,송파 와이즈더샵,968663.7818964932,1941659.4533300444
348,348,193,37.47595898748202,127.1430266425094,송파 와이즈더샵2,2,송파 와이즈더샵,968626.466260959,1941612.992554143
349,349,194,37.481741467,127.142191153,위례2차아이파크아파트,1,위례2차아이파크아파트,968555.0208792582,1942254.8014923118
350,350,195,37.47888982211429,127.1393395081143,위례2차아이파크아파트2,2,위례2차아이파크아파트,968301.6920026883,1941939.3875328843
351,351,196,37.518212714,127.103177711,장미3차,1,장미3차,965122.7333256576,1946314.847057308
352,352,197,37.51865362236818,127.1036186193682,장미3차2,2,장미3차,965161.9017106688,1946363.599772756
353,353,198,37.4748092716764,127.141557325873,위례중앙푸르지오아파트,1,위례중앙푸르지오아파트,968496.0663130255,1941485.9304724156
354,354,199,37.47526187946651,127.1420099336631,위례중앙푸르지오아파트2,2,위례중앙푸르지오아파트,968536.2764509141,1941535.992785231
355,355,200,37.506522605093,127.136922525526,송파레미니스아파트,1,송파레미니스아파트,968099.7708828112,1945005.8964636486
356,356,201,37.50754129882529,127.1379412192583,송파레미니스아파트2,2,송파레미니스아파트,968190.2398138124,1945118.5691096745
357,357,202,37.513461955,127.14273705,송파호반베르디움더퍼스트,1,송파호반베르디움더퍼스트,968616.5908301235,1945773.8183733968
358,358,203,37.51664075461611,127.1459158496161,송파호반베르디움더퍼스트2,2,송파호반베르디움더퍼스트,968898.8403889062,1946125.4304993954
359,359,204,37.506398125,127.13805128,송파레미니스2단지,1,송파레미니스2단지,968199.4812984737,1944991.7032788417
360,360,205,37.50502246662688,127.1366756216269,송파레미니스2단지2,2,송파레미니스2단지,968077.3085421779,1944839.5486661997
361,361,206,37.500170631,127.141351507,송파 두산위브아파트,1,송파 두산위브아파트,968488.5448057821,1944299.6867094312
362,362,207,37.50012556519094,127.1413064411909,송파 두산위브아파트2,2,송파 두산위브아파트,968484.542411786,1944294.7020449548
363,363,208,37.529653434,127.117008039,송파해모로아파트,1,송파해모로아파트,966350.0662882974,1947579.0863437366
364,364,209,37.53285410567306,127.1202087106731,송파해모로아파트2,2,송파해모로아파트,966634.2945444016,1947933.0415286105
365,365,210,37.5255442,127.1143162,잠실올림픽공원아이파크,1,잠실올림픽공원아이파크,966110.3626379231,1947124.1569406174
366,366,211,37.52688256744993,127.1156545674499,잠실올림픽공원아이파크2,2,잠실올림픽공원아이파크,966229.2268881537,1947272.1593871196
367,367,212,37.486816,127.1522144,위례포레샤인18단지,1,위례포레샤인18단지,969443.2748246151,1942814.4820012995
368,368,213,37.48621772388088,127.1516161238809,위례포레샤인18단지2,2,위례포레샤인18단지,969390.138548449,1942748.3017386445
369,369,214,37.4825792,127.1370619,위례포레샤인13단지아파트,1,위례포레샤인13단지아파트,968101.8863794347,1942349.471715066
370,370,215,37.48567115823476,127.1401538582348,위례포레샤인13단지아파트2,2,위례포레샤인13단지아파트,968376.5578584323,1942691.4601298065
371,371,216,37.485795,127.144078,위례포레샤인15단지,1,위례포레샤인15단지,968723.5355771037,1942703.885989889
372,372,217,37.48680265375694,127.1450856537569,위례포레샤인15단지2,2,위례포레샤인15단지,968813.0399729687,1942815.3439749335
373,373,218,37.4838484,127.1448757,송파위례리슈빌,1,송파위례리슈빌,968793.2472214339,1942487.6575181156
374,374,219,37.48671934925161,127.1477466492516,송파위례리슈빌2,2,송파위례리슈빌,969048.2555518793,1942805.2218127963
375,375,220,37.4753593,127.1398694,위례중앙푸르지오아파트,1,위례중앙푸르지오아파트,968347.0508162014,1941547.519817091
376,376,221,37.47231048862903,127.136820588629,위례중앙푸르지오아파트2,2,위례중앙푸르지오아파트,968076.1746491186,1941210.3049345135
